郵便番号,住所
152-0000,目黒区 以下に掲載がない場合 (イカニケイサイガナイバアイ)
153-0042,目黒区 青葉台 (アオバダイ)
152-0033,目黒区 大岡山 (オオオカヤマ)
153-0044,目黒区 大橋 (オオハシ)
152-0022,目黒区 柿の木坂 (カキノキザカ)
153-0051,目黒区 上目黒 (カミメグロ)
153-0053,目黒区 五本木 (ゴホンギ)
153-0041,目黒区 駒場 (コマバ)
153-0064,目黒区 下目黒 (シモメグロ)
152-0035,目黒区 自由が丘 (ジユウガオカ)
152-0012,目黒区 洗足 (センゾク)
152-0032,目黒区 平町 (タイラマチ)
152-0004,目黒区 鷹番 (タカバン)
152-0001,目黒区 中央町 (チュウオウチョウ)
153-0065,目黒区 中町 (ナカチョウ)
152-0031,目黒区 中根 (ナカネ)
153-0061,目黒区 中目黒 (ナカメグロ)
152-0011,目黒区 原町 (ハラマチ)
152-0021,目黒区 東が丘 (ヒガシガオカ)
153-0043,目黒区 東山 (ヒガシヤマ)
152-0003,目黒区 碑文谷 (ヒモンヤ)
153-0062,目黒区 三田 (ミタ)
152-0034,目黒区 緑が丘 (ミドリガオカ)
152-0013,目黒区 南 (ミナミ)
153-0063,目黒区 目黒 (メグロ)
152-0002,目黒区 目黒本町 (メグロホンチョウ)
152-0023,目黒区 八雲 (ヤクモ)
153-0052,目黒区 祐天寺 (ユウテンジ)
152-8549,目黒区 碑文谷４丁目２１−１３/（株）　エディトリアル・クリッパー 
152-8508,目黒区 中央町１丁目５−１２/（株）　日本エレクトリック・インスルメント 
152-8522,目黒区 目黒本町１丁目１６−１７/アイア　株式会社 
152-8506,目黒区 中央町１丁目５−２/エーアイ出版　株式会社 
152-8909,目黒区 碑文谷６丁目７−２２/株式会社　東急ストア 
152-8904,目黒区 自由が丘１丁目１５番１２号/株式会社　ａｎｏｖａｎ 
152-8507,目黒区 中央町１丁目５−１２/株式会社　小笠原計器制作所 
152-8904,目黒区 自由が丘１丁目１５番１２号/株式会社　亀万 
152-8904,目黒区 自由が丘１丁目１５−１２/株式会社　亀屋万年堂 
152-8544,目黒区 碑文谷４丁目２１−１３Ｍ２Ｆ/株式会社　ジャップス 
152-8511,目黒区 鷹番２丁目１４−２/株式会社　創育 
152-8601,目黒区 碑文谷５丁目１６−１９（目黒郵便局私書箱第８号）/株式会社　平凡社 
152-8578,目黒区 中根２丁目３−１９/株式会社　牧野フライス製作所 
152-8532,目黒区 原町１丁目３１−９/株式会社　ランナーズ 
152-8533,目黒区 原町１丁目３１−９/株式会社　レックス 
152-8905,目黒区 自由が丘１丁目２４−１７/株式会社　私の部屋リビング 
152-8904,目黒区 自由が丘１丁目１５−１２/亀屋万年堂製菓　株式会社 
152-8570,目黒区 中根２丁目２−１３/キヤノンプレシジョン　株式会社 
152-8503,目黒区 中央町１丁目８−２４/光明理化学工業　株式会社 
152-8525,目黒区 目黒本町２丁目１−１２/敷島製パン　株式会社　東京事業部 
152-8541,目黒区 碑文谷３丁目１８−９/泰榮商工　株式会社 
152-8561,目黒区 自由が丘２丁目１２−１５/大和証券　株式会社　自由が丘支店 
152-8558,目黒区 東が丘２−５−２３/東京医療保健大学　東が丘看護学部 
152-8550,目黒区 大岡山２丁目１２−１/東京工業大学 
152-8552,目黒区 大岡山２丁目１２−１/東京工業大学　工学部 
152-8551,目黒区 大岡山２丁目１２−１/東京工業大学　理学部 
152-8527,目黒区 目黒本町２丁目２６−１４/東京地方裁判所　民事執行センター 
152-8535,目黒区 南２丁目１４−１０/東京物産　株式会社 
152-8521,目黒区 目黒本町１丁目１６−１７/東京法務局　目黒出張所 
152-8902,目黒区 東が丘２丁目５−１/独立行政法人　国立病院機構　東京医療センター 
152-8621,目黒区 東が丘２丁目５−２１/独立行政法人　国立病院機構本部 
152-8907,目黒区 大岡山１丁目３５−２２/ニッカン工業　株式会社 
152-8910,目黒区 中根１丁目７−２３/日本オンライン整備　株式会社 
152-8531,目黒区 南３丁目１３−４/プリマハム　株式会社 
152-8520,目黒区 目黒本町６丁目１８−１２/本多通信工業　株式会社 
152-8510,目黒区 鷹番２丁目１４番４号/前澤給装工業　株式会社 
152-8913,目黒区 目黒本町２丁目９−８/六桜商事　株式会社 
153-8503,目黒区 駒場４丁目５−２９/（財）　日本国際教育支援協会 
153-8523,目黒区 青葉台３丁目６−３０/あおば生命　株式会社 
153-8571,目黒区 上目黒４丁目３０−１２/アベイズム　株式会社 
153-8666,目黒区 下目黒３丁目２４番２２号/一般財団法人　ヤマハ音楽振興会 
153-8655,目黒区 目黒１丁目２４−１２伊藤忠エネクスビル/伊藤忠エネクス　株式会社 
153-8587,目黒区 三田１丁目６−２１アルト伊藤ビル/伊藤ハム　株式会社 
153-8530,目黒区 青葉台１丁目２２−１０/エトー　株式会社 
153-8580,目黒区 三田１丁目４−１/株式会社　三田ホールディング　ウェスティンホテル東京 
153-8567,目黒区 東山３丁目２０−２０サニイヒルズ東山２０１/株式会社　リアルロックス 
153-8635,目黒区 中目黒１丁目８−３/株式会社　アートコーヒー 
153-8560,目黒区 五本木１丁目８−３/株式会社　イワセ・エスタ 
153-8512,目黒区 大橋１丁目６−３/株式会社　ヴァンテック 
153-8565,目黒区 東山１丁目８−１４/株式会社　カイタックインターナショナル 
153-8504,目黒区 下目黒３丁目７番１０号/株式会社　紀伊國屋書店 
154-8703,目黒区 下目黒１丁目６−６（世田谷郵便局私書箱第５０号）/株式会社　グローバル 
153-8653,目黒区 目黒１丁目１−６/株式会社　コミューチュア　東京支店 
153-8541,目黒区 目黒１−２４−１２/株式会社　ＣＣＣメディアハウス 
153-8520,目黒区 青葉台２丁目１−４/株式会社　ジェディックス 
153-8616,目黒区 東山３−８−１東急池尻大橋ビル２Ｆ/株式会社　ジャックス　東京住宅ローンセンター 
153-8531,目黒区 青葉台４丁目４−５渋谷スリーサムビルヂング/株式会社　ジャパンライフデザインシステムズ 
153-8521,目黒区 青葉台１丁目３−３/株式会社　ジュンアシダ 
153-8688,目黒区 下目黒１丁目８−１アルコタワー/株式会社　スクウェア 
153-8525,目黒区 青葉台１丁目１３−６/株式会社　聖林公司 
153-8670,目黒区 下目黒２丁目１９−３/株式会社　ディスクガレージ 
153-8577,目黒区 上目黒１丁目２１−１２/株式会社　東急ストア 
153-8652,目黒区 目黒３丁目９−１目黒須田ビル４Ｆ/株式会社　日本ホールマーク 
153-8545,目黒区 下目黒２−２３−１８目黒山手通ビル/株式会社　ネコ・パブリッシング 
153-8589,目黒区 青葉台３丁目６−２８住友不動産青葉台タワー６階/株式会社　阪急交通社 
153-8543,目黒区 青葉台３丁目６−３０住友不動産青葉台タワー７Ｆ/株式会社　阪急トラベルサポート 
153-8555,目黒区 東山２丁目１３−５/株式会社　パスコ　東京支社 
153-8610,目黒区 青葉台２−１−４/株式会社　ビギ 
153-8536,目黒区 青葉台２−１−４/株式会社　ピー・エックス 
153-8620,目黒区 上目黒５丁目２６−２１ロイヤルパレス上目黒２Ｆ/株式会社　ホットスタッフ・プロモーション 
153-8660,目黒区 下目黒１丁目２−５/株式会社　ホリプロ 
153-8913,目黒区 青葉台４丁目６−２０/株式会社　ホワイ 
153-8906,目黒区 青葉台２丁目１８−１/株式会社　メルローズ 
153-8925,目黒区 上目黒２丁目１番中目黒ＧＴタワー８階/株式会社　リテイルネットワークス 
153-8638,目黒区 中目黒２丁目７−７/株式会社　ルック 
153-8930,目黒区 下目黒１丁目８−１/雅叙園観光　株式会社 
153-8622,目黒区 上目黒１丁目９番１号/学校法人　東京音楽大学 
153-8508,目黒区 駒場１丁目３５−３２/学校法人　日本工業大学 
153-8631,目黒区 中目黒１丁目１−５０/学校法人　目黒学院 
153-8933,目黒区 中目黒２丁目２−１/航空自衛隊目黒基地　幹部学校 
153-8934,目黒区 中目黒２丁目３−８/国家公務員共済組合連合会総合病院東京共済病院 
153-8923,目黒区 下目黒２丁目２−３/サクサ　株式会社 
153-8677,目黒区 下目黒２丁目２１−２１/さわやか信用金庫 
153-8522,目黒区 青葉台４丁目９−６/財団法人　日本地図センター 
153-8516,目黒区 大橋２丁目１９−１/社会福祉法人　愛隣会 
153-8585,目黒区 中町２丁目４３−１７/社団法人　目黒法人会 
153-8650,目黒区 目黒１丁目１−５/新光商事　株式会社 
153-8552,目黒区 東山２丁目２６−１/自衛隊中央病院　高等看護学院 
153-8668,目黒区 下目黒１丁目１−３/ジプロ　株式会社 
153-8636,目黒区 中目黒２丁目９−１３/スタンレー電気　株式会社 
153-8640,目黒区 中目黒２丁目１−２７/全国酒販会館 
153-8581,目黒区 三田１丁目１１−７/総合病院　厚生中央病院 
153-8558,目黒区 東山３丁目１６−１９/太陽工業株式会社 
153-8551,目黒区 東山３丁目５−２/田中興産　株式会社　絵里奈事業部 
153-8501,目黒区 駒場２丁目１９−２３/大学入試センター 
153-8671,目黒区 下目黒２丁目１７−７/大東通信機　株式会社 
153-8540,目黒区 青葉台３丁目１８−３/チャコット　株式会社 
153-8586,目黒区 中町２丁目５−２/中央化学産業　株式会社 
153-8518,目黒区 東山３−８−１/東急バス　株式会社 
153-8505,目黒区 駒場４丁目６−１/東京大学生産技術研究所 
153-8904,目黒区 駒場４丁目６−１/東京大学先端科学技術研究センター 
153-8914,目黒区 駒場３丁目８−１/東京大学大学院　数理科学研究科 
153-8902,目黒区 駒場３丁目８−１/東京大学大学院総合文化研究科・教養学部 
153-8582,目黒区 中町２丁目４３−１８/東京都　水道局　目黒営業所 
153-8939,目黒区 目黒１丁目１−１４/東京都教育相談センター 
153-8937,目黒区 上目黒２−１９−１５目黒区総合庁舎内/東京都目黒都税事務所 
153-8911,目黒区 青葉台３丁目５−５/東京富士　株式会社 
153-8515,目黒区 大橋２−２２−３６/東邦大学医療センター　大橋病院 
153-8550,目黒区 東山３丁目８−１/トップツアー　株式会社 
153-8553,目黒区 東山１丁目２−７第４４興和ビル/ニッポンレンタカーアーバンネット　株式会社　東京ディビジョン 
153-8539,目黒区 青葉台３丁目１−１９/日本航空電子工業　株式会社 
153-8654,目黒区 目黒１丁目４−１/パイオニア　株式会社 
153-8665,目黒区 下目黒１丁目７−１/パイオニア　株式会社　ＰＡＸビル 
153-8687,目黒区 下目黒２丁目３−８/パナソニックコミュニケーションズ　株式会社 
153-8554,目黒区 下目黒１丁目６−２０/ビーシーアイ　株式会社 
153-8630,目黒区 中目黒２丁目２−１/防衛省　技術研究本部　艦艇装備研究所 
153-8601,目黒区 下目黒６丁目１番２１号（目黒郵便局私書箱第１７号）/三井住友信託銀行　株式会社 
153-8662,目黒区 下目黒１丁目８−１アルコタワー/ミネベア　株式会社 
153-8669,目黒区 下目黒１丁目８−１/目黒雅叙園 
153-8573,目黒区 上目黒２丁目１９−１５/目黒区役所 
153-8936,目黒区 中目黒３丁目１−３０/目黒信用金庫 
153-8633,目黒区 中目黒５丁目２７−１６/目黒税務署 
153-8927,目黒区 下目黒１丁目８−１アルコタワー５Ｆ/メルク　株式会社 
153-8526,目黒区 下目黒１丁目８−１アルコタワー５Ｆ/メルク製薬　株式会社 
153-8657,目黒区 目黒４−４−２２/森永乳業　株式会社　管理センター 
153-8510,目黒区 大橋１丁目６−８/やまう　株式会社 
153-8578,目黒区 上目黒２丁目１−１中目黒ＧＴタワー/ユニリーバ・ジャパン　ホールディングス　合同会社 
153-8502,目黒区 目黒２丁目１３−１８/りそな決済サービス　（株）　支払業務センター 
153-8506,目黒区 目黒２丁目１３−１８/りそな決済サービス　株式会社　業務センター 
153-8556,目黒区 目黒２丁目１３−１８/りそな決済サービス　（株）　代金回収センター（公文） 
